"17";"20";"5/0/0-upstream0";"Golfutar";"32609";"12";"1";"2020-01-17 15:27:30";"0"
"18";"20";"5/0/0-upstream1";"Kapan Bhangal Hight";"32610";"28";"1";"2020-01-17 15:27:30";"0"
"19";"20";"5/0/0-upstream2";"Bhangal kagaj kharkhana";"32611";"30";"1";"2020-01-17 15:27:30";"0"
"20";"20";"5/0/0-upstream3";"Kapan Bhangal";"32612";"29";"1";"2020-01-17 15:27:30";"0"
"21";"20";"5/0/0-upstream4";"Paradise Colony";"32613";"19";"1";"2020-01-17 15:27:30";"0"
"22";"20";"5/0/0-upstream5";"Bhangal Samyukta Chowk";"32614";"52";"1";"2020-01-17 15:27:30";"0"
"23";"20";"5/0/0-upstream7";"Bhangal Jagannath Mandir";"32616";"9";"1";"2020-01-17 15:27:30";"0"
"24";"20";"5/0/2-upstream0";"Kapan Baluwakhani";"32657";"26";"1";"2020-01-17 15:27:30";"0"
"25";"20";"5/0/2-upstream1";"Sukedhara Kushal Marg";"32658";"23";"1";"2020-01-17 15:27:30";"0"
"26";"20";"5/0/2-upstream3";"Mandikatar Kumari Mandir";"32660";"20";"1";"2020-01-17 15:27:30";"0"
"27";"20";"5/0/2-upstream5";"Jyotinagar";"32662";"37";"1";"2020-01-17 15:27:30";"0"
"28";"20";"5/0/2-upstream6";"Kapan Ekta Basti";"32663";"10";"1";"2020-01-17 15:27:30";"0"
"29";"20";"5/0/2-upstream7";"Kapan Ekta Basti";"32664";"10";"1";"2020-01-17 15:27:30";"0"
"30";"20";"5/0/4-upstream0";"Mahapur Marg";"32705";"16";"1";"2020-01-17 15:27:30";"0"
"31";"20";"5/0/4-upstream1";"Prabeshwori Marga Chakrapath";"32706";"15";"1";"2020-01-17 15:27:30";"0"
"32";"20";"5/0/4-upstream2";"Chakrapath Kapan Marga";"32707";"13";"1";"2020-01-17 15:27:30";"0"
"33";"20";"5/0/4-upstream3";"Nursery Lane Marga Basbari";"32708";"7";"1";"2020-01-17 15:27:30";"0"
"34";"20";"5/1/0-upstream0";"Annapurna Marg Chappalkharkhana";"32969";"18";"1";"2020-01-17 15:27:30";"0"
"35";"20";"5/1/0-upstream1";"Sukedhara";"32970";"13";"1";"2020-01-17 15:27:30";"0"
"36";"20";"5/1/1-upstream0";"Sukedhara Shanti Colony";"32993";"11";"1";"2020-01-17 15:27:30";"0"
"37";"20";"5/1/2-upstream0";"Amar yuva club Mandikatar";"33017";"20";"1";"2020-01-17 15:27:30";"0"
"38";"20";"5/1/2-upstream1";"Micro station Manditakar";"33018";"22";"1";"2020-01-17 15:27:30";"0"
"39";"20";"5/1/3-upstream0";"Oppsiste Daffodil school";"33041";"11";"1";"2020-01-17 15:27:30";"0"
"40";"20";"5/1/3-upstream1";"Sukedhara HR housing";"33042";"14";"1";"2020-01-17 15:27:30";"0"
"41";"20";"5/1/4-upstream1";"Umanga Colony";"33066";"48";"1";"2020-01-17 15:27:30";"0"
"42";"20";"6/0/0-upstream0";"Shreetole(Basundhara)";"33329";"58";"1";"2020-01-17 15:27:30";"0"
"43";"20";"6/0/0-upstream1";"Minar School";"33330";"30";"1";"2020-01-17 15:27:30";"0"
"44";"20";"6/0/0-upstream2";"Hepali height";"33331";"25";"1";"2020-01-17 15:27:30";"0"
"45";"20";"6/0/1-upstream0";"Gangalal Hospital";"33353";"29";"1";"2020-01-17 15:27:30";"0"
"46";"20";"6/0/1-upstream1";"Milijuli Tole";"33354";"4";"1";"2020-01-17 15:27:30";"0"
"47";"20";"6/0/1-upstream2";"Banglamukhi Mandir";"33355";"37";"1";"2020-01-17 15:27:30";"0"
"48";"20";"6/0/1-upstream3";"Mandikhatar";"33356";"9";"1";"2020-01-17 15:27:30";"0"
"49";"20";"6/0/1-upstream4";"Chappalkarkhana Loshal ";"33357";"5";"1";"2020-01-17 15:27:30";"0"
"50";"20";"6/0/4-upstream0";"Dhumbharai Dahal Gaun";"33425";"5";"1";"2020-01-17 15:27:30";"0"
"51";"20";"6/0/4-upstream1";"Loyalty School";"33426";"1";"1";"2020-01-17 15:27:30";"0"
"52";"20";"6/0/4-upstream3";"Ananda Colony ";"33428";"1";"1";"2020-01-17 15:27:30";"0"
"53";"20";"6/0/4-upstream4";"Golfutar Mero Nursary";"33429";"12";"1";"2020-01-17 15:27:30";"0"
"54";"20";"6/1/0-upstream2";"Ramcha Chowk New colony";"33691";"6";"1";"2020-01-17 15:27:30";"0"
"55";"20";"6/1/0-upstream3";"Sukedhara Nelopool";"33692";"10";"1";"2020-01-17 15:27:30";"0"
"56";"20";"6/1/0-upstream4";"Badri Colony Sukedhara";"33693";"4";"1";"2020-01-17 15:27:30";"0"
"57";"20";"6/1/0-upstream5";"Akhanda Marg";"33694";"18";"1";"2020-01-17 15:27:30";"0"
"58";"20";"6/1/0-upstream6";"Bagmati School Namaste Colony";"33695";"30";"1";"2020-01-17 15:27:30";"0"
"59";"20";"6/1/0-upstream7";"Miracale Party Place Sukedhara";"33696";"32";"1";"2020-01-17 15:27:30";"0"
"60";"20";"6/1/1-upstream0";"Feriland School Jyotinagar";"33713";"31";"1";"2020-01-17 15:27:30";"0"
"61";"20";"6/1/1-upstream1";"Nikhiliwore Baluwakhani";"33714";"52";"1";"2020-01-17 15:27:30";"0"
"62";"20";"6/1/1-upstream2";"Baluwakhani Pipalbot";"33715";"22";"1";"2020-01-17 15:27:30";"0"
"63";"20";"6/1/1-upstream3";"Norkhel School Baluwakhani";"33716";"14";"1";"2020-01-17 15:27:30";"0"
"64";"20";"6/1/1-upstream4";"Baluwakhani Swimming Pool";"33717";"39";"1";"2020-01-17 15:27:30";"0"
"65";"20";"6/1/4-upstream0";"Bigyan School Jana Chowk";"33785";"11";"1";"2020-01-17 15:27:30";"0"
"66";"20";"6/1/4-upstream1";"Ekata Basti Pool";"33786";"19";"1";"2020-01-17 15:27:30";"0"
"67";"20";"6/1/4-upstream2";"EkatabastiAadarsha Nagar";"33787";"19";"1";"2020-01-17 15:27:30";"0"
"68";"20";"7/0/0-upstream0";"Basundhara ";"34049";"17";"1";"2020-01-17 15:27:30";"0"
"69";"20";"7/0/0-upstream1";"Dhapasi Maitri Colony";"34050";"41";"1";"2020-01-17 15:27:30";"0"
"70";"20";"7/0/0-upstream2";"Chakrapath";"34051";"18";"1";"2020-01-17 15:27:30";"0"
"71";"20";"7/0/0-upstream3";"Vetghat Chowk Basundhara";"34052";"33";"1";"2020-01-17 15:27:30";"0"
"72";"20";"7/0/0-upstream4";"Aushadi Factory Dhapasi";"34053";"11";"1";"2020-01-17 15:27:30";"0"
"73";"20";"7/0/1-upstream0";"Maitri Colony Chowk";"34073";"44";"1";"2020-01-17 15:27:30";"0"
"74";"20";"7/0/1-upstream1";"Diyalo Foodland";"34074";"11";"1";"2020-01-17 15:27:30";"0"
"75";"20";"7/0/1-upstream2";"Basundhara Namuna Tole ";"34075";"27";"1";"2020-01-17 15:27:30";"0"
"76";"20";"7/0/1-upstream3";"Basundhara Shiva Mandeer ";"34076";"15";"1";"2020-01-17 15:27:30";"0"
"77";"20";"7/0/1-upstream4";"Basundhara Baluwakhani";"34077";"12";"1";"2020-01-17 15:27:30";"0"
"78";"20";"7/0/1-upstream5";"Basundhara surya Urja";"34078";"14";"1";"2020-01-17 15:27:30";"0"
"79";"20";"7/0/1-upstream6";"Shreetole Height";"34079";"12";"1";"2020-01-17 15:27:30";"0"
"80";"20";"7/0/1-upstream7";"Basundhara Chowk";"34080";"14";"1";"2020-01-17 15:27:30";"0"
"81";"20";"7/0/4-upstream0";"Way to Samyukta Buspark";"34145";"12";"1";"2020-01-17 15:27:30";"0"
"82";"20";"7/0/4-upstream1";"High transmission line Bhangal";"34146";"54";"1";"2020-01-17 15:27:30";"0"
"83";"20";"8/1/0-upstream0";"Kapan Jana Chowk";"35129";"17";"1";"2020-01-17 15:27:30";"0"
"84";"20";"8/1/0-upstream1";"Siddthi Colony";"35130";"13";"1";"2020-01-17 15:27:30";"0"
"85";"20";"8/1/0-upstream2";"Tennis Court";"35131";"18";"1";"2020-01-17 15:27:30";"0"
"86";"20";"8/1/0-upstream3";"Golfutar Height";"35132";"15";"1";"2020-01-17 15:27:30";"0"
"87";"20";"8/1/0-upstream4";"Golfutar Gabisa Bhawan";"35133";"7";"1";"2020-01-17 15:27:30";"0"
"88";"20";"8/1/0-upstream5";"Jal Dhunga Marg basbari";"35134";"20";"1";"2020-01-17 15:27:30";"0"
"89";"20";"8/1/0-upstream6";"American Embassy Gate";"35135";"9";"1";"2020-01-17 15:27:30";"0"
"90";"20";"8/1/0-upstream7";"Bansbari";"35136";"16";"1";"2020-01-17 15:27:30";"0"
"91";"20";"8/1/2-upstream0";"Golfutar Basketball Court";"35177";"35";"1";"2020-01-17 15:27:30";"0"
"92";"20";"8/1/2-upstream2";"Bansbari Piplbot";"35179";"19";"1";"2020-01-17 15:27:30";"0"
"93";"20";"8/1/2-upstream3";"Chappalkarkhana";"35180";"8";"1";"2020-01-17 15:27:30";"0"
"94";"20";"8/1/3-upstream0";"Kapan Pani Factory";"35201";"65";"1";"2020-01-17 15:27:30";"0"
"95";"20";"8/1/4-upstream0";"Sukhedhara New Colony";"35225";"4";"1";"2020-01-17 15:27:30";"0"
"96";"20";"8/1/4-upstream1";"Sukhedhara New Colony";"35226";"3";"1";"2020-01-17 15:27:30";"0"
"97";"1";"7/0/0-upstream0";"Bagbazar";"34049";"32";"1";"2020-01-17 15:27:30";"0"
"98";"1";"7/0/0-upstream1";"Putalisadak Baggikhana";"34050";"10";"1";"2020-01-17 15:27:30";"0"
"99";"1";"7/0/0-upstream2";"Shankardev";"34051";"41";"1";"2020-01-17 15:27:30";"0"
"100";"1";"7/0/0-upstream3";"Anamnagar Bhatbhateni";"34052";"13";"1";"2020-01-17 15:27:30";"0"
"101";"1";"7/0/0-upstream4";"Madan Bhandari College";"34053";"4";"1";"2020-01-17 15:27:30";"0"
"102";"1";"7/0/0-upstream5";"Newplaza";"34054";"22";"1";"2020-01-17 15:27:30";"0"
"103";"1";"7/0/2-upstream0";"Ghattekulo Nepal Gas";"34097";"39";"1";"2020-01-17 15:27:30";"0"
"104";"1";"7/0/2-upstream1";"Ghattekulo Ganesh Mandir";"34098";"9";"1";"2020-01-17 15:27:30";"0"
"105";"1";"7/0/2-upstream2";"Ghattekulo  Dhamala dairy ";"34099";"20";"1";"2020-01-17 15:27:30";"0"
"106";"1";"8/0/0-upstream0";"Ghattekulo Khasichowk";"34769";"36";"1";"2020-01-17 15:27:30";"0"
"107";"1";"8/0/0-upstream1";"Dillibazar Bashanteshwore";"34770";"18";"1";"2020-01-17 15:27:30";"0"
"108";"1";"8/0/0-upstream2";"Bujulibazar";"34771";"0";"1";"2020-01-17 15:28:47";"1"
"109";"1";"8/0/0-upstream3";"Kalikasthan Barko Rukh";"34772";"6";"1";"2020-01-17 15:27:30";"0"
"110";"1";"8/0/0-upstream5";"Laliguransh Marg";"34774";"16";"1";"2020-01-17 15:27:30";"0"
"111";"1";"8/0/2-upstream0";"Ghattekulo ";"34817";"31";"1";"2020-01-17 15:27:30";"0"
"112";"1";"8/0/2-upstream2";"Baneshwore Height ";"34819";"37";"1";"2020-01-17 15:27:30";"0"
"113";"1";"8/0/2-upstream4";"Vibrant College New Plaza";"34821";"8";"1";"2020-01-17 15:27:30";"0"
"114";"1";"8/0/2-upstream6";"New Baneshwore";"34823";"0";"1";"2020-01-17 16:37:44";"1"
"115";"1";"8/1/0-upstream0";"Maitidevi";"35129";"26";"1";"2020-01-17 15:27:30";"0"
"116";"1";"8/1/0-upstream1";"Gopal Chowk";"35130";"16";"1";"2020-01-17 15:27:30";"0"
"117";"1";"8/1/0-upstream2";"Anamnagar";"35131";"19";"1";"2020-01-17 15:27:30";"0"
"118";"1";"8/1/0-upstream4";"Music Nepal";"35133";"14";"1";"2020-01-17 15:27:30";"0"
"119";"1";"8/1/0-upstream5";"Seto Pool";"35134";"20";"1";"2020-01-17 15:27:30";"0"
"120";"1";"8/1/0-upstream6";"Anamnagar Bigmart";"35135";"4";"1";"2020-01-17 15:27:30";"0"
"121";"1";"8/1/2-upstream0";"Deniv School";"35177";"0";"1";"2020-01-18 15:49:49";"1"
"122";"1";"8/1/2-upstream1";"Thapagaun";"35178";"24";"1";"2020-01-17 15:27:30";"0"
"123";"1";"8/1/2-upstream2";"Dillibazar Pipalbot";"35179";"15";"1";"2020-01-17 15:27:30";"0"
"124";"1";"8/1/2-upstream3";"Suryadaya School";"35180";"7";"1";"2020-01-17 15:27:30";"0"
"125";"2";"7/0/0-upstream0";"Dwarika Petrol Pump";"18305";"19";"1";"2020-01-17 15:27:30";"0"
"126";"2";"7/0/0-upstream1";"Purano Baneshwore Chowk";"18306";"30";"1";"2020-01-17 15:27:30";"0"
"127";"2";"7/0/0-upstream2";"Panch Tale";"18307";"23";"1";"2020-01-17 15:27:30";"0"
"128";"2";"7/0/0-upstream3";"Old Baneshwore";"18308";"23";"1";"2020-01-17 15:27:30";"0"
"129";"2";"7/0/0-upstream4";"Star FM";"18309";"17";"1";"2020-01-17 15:27:30";"0"
"130";"2";"7/0/0-upstream5";"Baneshwore Purple Home";"18310";"15";"1";"2020-01-17 15:27:30";"0"
"131";"2";"7/0/0-upstream6";"Near Mohanalohani House";"18311";"10";"1";"2020-01-17 15:27:30";"0"
"132";"2";"7/0/0-upstream7";"Krishna Bhog";"18312";"15";"1";"2020-01-17 15:27:30";"0"
"133";"2";"7/0/1-upstream0";"Tilganga";"18329";"0";"1";"2020-01-18 15:53:07";"1"
"134";"2";"7/0/1-upstream2";"Sinamangal Panchakumari";"18331";"3";"1";"2020-01-17 15:27:30";"0"
"135";"2";"7/0/1-upstream3";"Nobel Hospital";"18332";"2";"1";"2020-01-17 15:27:30";"0"
"136";"2";"7/0/1-upstream5";"Sinamangal Guna Colony";"18334";"6";"1";"2020-01-17 15:27:30";"0"
"137";"2";"7/0/1-upstream6";"Sinamangal Gujeshowri school";"18335";"1";"1";"2020-01-17 15:27:30";"0"
"138";"2";"7/0/1-upstream7";"Airport";"18336";"6";"1";"2020-01-17 15:27:30";"0"
"139";"2";"7/0/4-upstream0";"Sahitya Chowk";"18401";"30";"1";"2020-01-17 15:27:30";"0"
"140";"2";"7/1/0-upstream0";"Maiti Nepal";"18665";"2";"1";"2020-01-17 15:27:30";"0"
"141";"2";"7/1/0-upstream1";"Pingalasthan Bijay Chowk ";"18666";"9";"1";"2020-01-17 15:27:30";"0"
"142";"2";"7/1/0-upstream2";"Dwarika Hotel";"18667";"7";"1";"2020-01-17 15:27:30";"0"
"143";"2";"7/1/0-upstream3";"Baneshwore Loyla School";"18668";"4";"1";"2020-01-17 15:27:30";"0"
"144";"2";"7/1/0-upstream4";"Melamchi Khanepani Office";"18669";"3";"1";"2020-01-17 15:27:30";"0"
"145";"2";"7/1/0-upstream5";"Guna Colony 2";"18670";"4";"1";"2020-01-17 15:27:30";"0"
"146";"2";"7/1/0-upstream6";"Bishranti Party Palace";"18671";"3";"1";"2020-01-17 15:27:30";"0"
"147";"2";"7/1/1-upstream0";"Airport Indoor";"18689";"45";"1";"2020-01-17 15:27:30";"0"
"148";"2";"8/0/0-upstream1";"Suruchi Marga";"19026";"4";"1";"2020-01-17 15:27:30";"0"
"149";"2";"8/0/0-upstream2";"Siddhartha Marg";"19027";"5";"1";"2020-01-17 15:27:30";"0"
"150";"2";"8/0/0-upstream3";"Buddha Nagar";"19028";"5";"1";"2020-01-17 15:27:30";"0"
"151";"2";"8/0/0-upstream4";"Sankamul";"19029";"3";"1";"2020-01-17 15:27:30";"0"
"152";"2";"8/0/0-upstream5";"Shreenagar Marg";"19030";"3";"1";"2020-01-17 15:27:30";"0"
"153";"2";"8/0/0-upstream6";"Ganesh Marg";"19031";"3";"1";"2020-01-17 15:27:30";"0"
"154";"2";"8/0/0-upstream7";"Narendra Kancha Chowk";"19032";"5";"1";"2020-01-17 15:27:30";"0"
"155";"2";"8/0/1-upstream1";"Miteri Marg";"19050";"37";"1";"2020-01-17 15:27:30";"0"
"156";"2";"8/0/1-upstream2";"Pancha Kumari ";"19051";"18";"1";"2020-01-17 15:27:30";"0"
"157";"2";"8/0/1-upstream3";"Namaste ghar";"19052";"25";"1";"2020-01-17 15:27:30";"0"
"158";"2";"8/0/1-upstream4";"Deurali Club";"19053";"28";"1";"2020-01-17 15:27:30";"0"
"159";"2";"8/0/1-upstream5";"Sangam chowk II";"19054";"8";"1";"2020-01-17 15:27:30";"0"
"160";"2";"8/0/1-upstream6";"Shantinagar Khaharibot";"19055";"12";"1";"2020-01-17 15:27:30";"0"
"161";"2";"8/0/1-upstream7";"Miteri Marg 2";"19056";"9";"1";"2020-01-17 15:27:30";"0"
"162";"2";"8/0/4-upstream0";"Surya Bikram marg";"19121";"17";"1";"2020-01-17 15:27:30";"0"
"163";"2";"8/0/4-upstream1";"Milan Chowk";"19122";"39";"1";"2020-01-17 15:27:30";"0"
"164";"2";"8/1/0-upstream0";"Shantinagar";"19385";"36";"1";"2020-01-17 15:27:30";"0"
"165";"2";"8/1/0-upstream1";"Kareshwor";"19386";"45";"1";"2020-01-17 15:27:30";"0"
"166";"2";"8/1/0-upstream2";"Bhimsingola";"19387";"16";"1";"2020-01-17 15:27:30";"0"
"168";"2";"8/1/0-upstream4";"Gairigaun";"19389";"4";"1";"2020-01-17 15:27:30";"0"
"169";"2";"8/1/0-upstream5";"Sajha Basti";"19390";"25";"1";"2020-01-17 15:27:30";"0"
"170";"2";"8/1/0-upstream6";"Kagtyani Chowk";"19391";"20";"1";"2020-01-17 15:27:30";"0"
"171";"2";"8/1/0-upstream7";"Mid Baneshwore";"19392";"14";"1";"2020-01-17 15:27:30";"0"
"172";"2";"8/1/1-upstream0";"Sangam chowk";"19409";"16";"1";"2020-01-17 15:27:30";"0"
"173";"2";"8/1/1-upstream1";"Bashuki marg";"19410";"31";"1";"2020-01-17 15:27:30";"0"
"174";"2";"8/1/1-upstream2";"Pragyag Marg";"19411";"18";"1";"2020-01-17 15:27:30";"0"
"175";"2";"8/1/1-upstream3";"Sachetan Marg";"19412";"16";"1";"2020-01-17 15:27:30";"0"
"176";"2";"8/1/1-upstream4";"Gauraighat";"19413";"24";"1";"2020-01-17 15:27:30";"0"
"177";"2";"8/1/1-upstream5";"Milan Chowk II";"19414";"16";"1";"2020-01-17 15:27:30";"0"
"178";"2";"8/1/1-upstream6";"Balbhatra Marg";"19415";"9";"1";"2020-01-17 15:27:30";"0"
"179";"2";"8/1/1-upstream7";"Guheshwori Temple";"19416";"18";"1";"2020-01-17 15:27:30";"0"
"180";"2";"8/1/4-upstream0";"Sahayogi Nagar";"19481";"3";"1";"2020-01-17 15:27:30";"0"
"181";"2";"8/1/4-upstream1";"Sahayogi Nagar";"19482";"4";"1";"2020-01-17 15:27:30";"0"
"183";"3";"6/0/0-upstream0";"Kumarigal Kharibot";"4242";"12";"1";"2020-01-17 15:27:30";"0"
"184";"3";"6/0/0-upstream1";"Kumarigal Pathology";"4243";"13";"1";"2020-01-17 15:27:30";"0"
"185";"3";"6/0/0-upstream2";"Arunima Planning";"4244";"14";"1";"2020-01-17 15:27:30";"0"
"186";"3";"6/0/0-upstream3";"Man Siddhartha School";"4245";"11";"1";"2020-01-17 15:27:30";"0"
"187";"3";"6/0/0-upstream4";"Bouddha Gumba";"4246";"14";"1";"2020-01-17 15:27:30";"0"
"188";"3";"6/0/0-upstream5";"Bouddha Futsal 2";"4247";"8";"1";"2020-01-17 15:27:30";"0"
"189";"3";"6/0/0-upstream6";"Bouddha Patitar";"4248";"10";"1";"2020-01-17 15:27:30";"0"
"190";"3";"6/0/0-upstream7";"Bouddha Pappu Dhara";"4249";"17";"1";"2020-01-17 15:27:30";"0"
"191";"3";"6/0/1-upstream0";"Bhrikuti Chowk";"4266";"22";"1";"2020-01-17 15:27:30";"0"
"192";"3";"6/0/1-upstream1";"Mahankal";"4267";"26";"1";"2020-01-17 15:27:30";"0"
"193";"3";"6/0/1-upstream2";"Kapan chauki";"4268";"37";"1";"2020-01-17 15:27:30";"0"
"194";"3";"6/0/1-upstream3";"Kapan Narayanchowk";"4269";"38";"1";"2020-01-17 15:27:30";"0"
"195";"3";"6/0/1-upstream4";"Rudhramati Chowk Kapan ";"4270";"22";"1";"2020-01-17 15:27:30";"0"
"196";"3";"6/0/1-upstream5";"Nilopool Kapan";"4271";"23";"1";"2020-01-17 15:27:30";"0"
"197";"3";"6/0/1-upstream6";"Miteri Pool";"4272";"18";"1";"2020-01-17 15:27:30";"0"
"199";"3";"6/0/4-upstream0";"Gaurighat Chowk";"4338";"12";"1";"2020-01-17 15:27:30";"0"
"200";"3";"6/0/4-upstream1";"Gaurighat Sangam Chowk";"4339";"10";"1";"2020-01-17 15:27:30";"0"
"201";"3";"6/0/4-upstream2";"Chabahil Pipalbot";"4340";"19";"1";"2020-01-17 15:27:30";"0"
"202";"3";"6/0/4-upstream3";"Kumari Mandir";"4341";"22";"1";"2020-01-17 15:27:30";"0"
"203";"3";"7/0/0-upstream0";"Kapan Panchakanya Chowk";"4482";"39";"1";"2020-01-17 15:27:30";"0"
"204";"3";"7/0/0-upstream1";"Aakashe Dhara";"4483";"18";"1";"2020-01-17 15:27:30";"0"
"205";"3";"7/0/0-upstream2";"Kapan Jamdar Chowk";"4484";"33";"1";"2020-01-17 15:27:30";"0"
"206";"3";"7/0/0-upstream3";"Joorpasal Kapan";"4485";"23";"1";"2020-01-17 15:27:30";"0"
"207";"3";"7/0/0-upstream4";"Sagarmatha chowk Kapan";"4486";"31";"1";"2020-01-17 15:27:30";"0"
"208";"3";"7/0/0-upstream5";"Near Gaurishankar Carpet Kapan";"4487";"25";"1";"2020-01-17 15:27:30";"0"
"209";"3";"7/0/0-upstream6";"Handle Ground Kapan";"4488";"24";"1";"2020-01-17 15:27:30";"0"
"213";"3";"7/0/1-upstream2";"Tushal Chowk";"4508";"19";"1";"2020-01-17 15:27:30";"0"
"214";"3";"7/0/1-upstream3";"Maijunbahal Nursery";"4509";"13";"1";"2020-01-17 15:27:30";"0"
"215";"3";"7/0/1-upstream4";"Maijunbahal Shram School";"4510";"12";"1";"2020-01-17 15:27:30";"0"
"216";"3";"7/0/1-upstream5";"Rivera School Maijubahal";"4511";"15";"1";"2020-01-17 15:27:30";"0"
"217";"3";"7/0/1-upstream6";"John Academy Boudha";"4512";"23";"1";"2020-01-17 15:27:30";"0"
"219";"3";"7/0/4-upstream0";"Kapan Durga Mandir";"4578";"23";"1";"2020-01-17 15:27:30";"0"
"222";"3";"7/0/4-upstream3";"Hotel Mukum International";"4581";"37";"1";"2020-01-17 15:27:30";"0"
"223";"3";"7/1/0-upstream0";"Boudha futsal";"4602";"18";"1";"2020-01-17 15:27:30";"0"
"224";"3";"7/1/0-upstream1";"Hyatt Gate";"4603";"12";"1";"2020-01-17 15:27:30";"0"
"225";"3";"7/1/0-upstream2";"Boudha Arunima School";"4604";"16";"1";"2020-01-17 15:27:30";"0"
"226";"3";"7/1/0-upstream3";"Kumarigal Sarkaridhara";"4605";"29";"1";"2020-01-17 15:27:30";"0"
"227";"3";"7/1/0-upstream4";"Chabahil Chowk";"4606";"15";"1";"2020-01-17 15:27:30";"0"
"228";"3";"7/1/0-upstream5";"Chuchhepati";"4607";"6";"1";"2020-01-17 15:27:30";"0"
"229";"3";"7/1/0-upstream6";"Maijubahal Suprim School";"4608";"26";"1";"2020-01-17 15:27:30";"0"
"231";"3";"7/1/1-upstream0";"Tenzing Chowk Kapan";"4626";"33";"1";"2020-01-17 15:27:30";"0"
"235";"3";"7/1/1-upstream4";"Tenzing Chowk Radhakrishna Mandir";"4630";"27";"1";"2020-01-17 15:27:30";"0"
"236";"3";"7/1/1-upstream5";"Mahankal Oralo";"4631";"8";"1";"2020-01-17 15:27:30";"0"
"237";"3";"7/1/1-upstream6";"Kapan Tarkaribazar";"4632";"10";"1";"2020-01-17 15:27:30";"0"
"239";"3";"7/1/4-upstream0";"Nilkantha school";"4698";"16";"1";"2020-01-17 15:27:30";"0"
"240";"3";"7/1/4-upstream2";"Gopikrishna Hall";"4700";"26";"1";"2020-01-17 15:27:30";"0"
"241";"3";"7/1/4-upstream3";"Kapan Sattale";"4701";"27";"1";"2020-01-17 15:27:30";"0"
"242";"3";"8/0/0-upstream0";"Kapan Napi Karalaya";"4722";"6";"1";"2020-01-17 15:27:30";"0"
"243";"3";"8/0/0-upstream1";"Gopi krishna futsul";"4723";"4";"1";"2020-01-17 15:27:30";"0"
"244";"3";"8/0/0-upstream2";"Saraswoti School Kapan";"4724";"13";"1";"2020-01-17 15:27:30";"0"
"245";"3";"8/0/0-upstream3";"Karna Marga kapan";"4725";"14";"1";"2020-01-17 15:27:30";"0"
"246";"3";"8/0/0-upstream4";"ANTA Showroom Kapan";"4726";"15";"1";"2020-01-17 15:27:30";"0"
"247";"3";"8/0/0-upstream5";"Kapan Amod Marga";"4727";"13";"1";"2020-01-17 15:27:30";"0"
"248";"3";"8/0/0-upstream6";"Kapan Sagarmatha School";"4728";"7";"1";"2020-01-17 15:27:30";"0"
"249";"3";"8/0/0-upstream7";"Hang Guchhapal Marga";"4729";"22";"1";"2020-01-17 15:27:30";"0"
"251";"3";"8/0/2-upstream0";"Kapan Vidhya Mandir";"4770";"15";"1";"2020-01-17 15:27:30";"0"
"252";"3";"8/0/2-upstream1";"Kapan Milan Chowk";"4771";"14";"1";"2020-01-17 15:27:30";"0"
"253";"3";"8/0/2-upstream2";"Kapan Shiva Mandir";"4772";"52";"1";"2020-01-17 15:27:30";"0"
"254";"3";"8/0/2-upstream3";"Vivek Chowk";"4773";"29";"1";"2020-01-17 15:27:30";"0"
"255";"3";"8/0/2-upstream4";"Golden Peak School";"4774";"31";"1";"2020-01-17 15:27:30";"0"
"256";"3";"8/0/2-upstream5";"Okheldhunge Chowk";"4775";"24";"1";"2020-01-17 15:27:30";"0"
"257";"3";"8/0/2-upstream6";"Chahana School";"4776";"13";"1";"2020-01-17 15:27:30";"0"
"258";"3";"8/0/2-upstream7";"Pasupati Marga";"4777";"12";"1";"2020-01-17 15:27:30";"0"
"259";"3";"8/0/4-upstream0";"Mahankal Pani Tanki";"4818";"4";"1";"2020-01-17 15:27:30";"0"
"260";"3";"8/0/4-upstream1";"Saraswotinagar";"4819";"4";"1";"2020-01-17 15:27:30";"0"
"261";"3";"8/0/4-upstream2";"Bouddha Indrawoti School";"4820";"6";"1";"2020-01-17 15:27:30";"0"
"262";"3";"8/0/4-upstream3";"Bouddha Namuna Basti";"4821";"3";"1";"2020-01-17 15:27:30";"0"
"263";"3";"8/1/0-upstream0";"Binayak School Chabahil";"4842";"8";"1";"2020-01-17 15:27:30";"0"
"264";"3";"8/1/0-upstream1";"Maijubahal Kuti Galli";"4843";"9";"1";"2020-01-17 15:27:30";"0"
"265";"3";"8/1/0-upstream2";"Chabahil Shanti Goreto";"4844";"5";"1";"2020-01-17 15:27:30";"0"
"267";"3";"8/1/0-upstream4";"Maijubahal Idea School";"4846";"14";"1";"2020-01-17 15:27:30";"0"
"268";"3";"8/1/2-upstream0";"Kapan Kharibot";"4890";"8";"1";"2020-01-17 15:27:30";"0"
"269";"3";"8/1/2-upstream1";"Boudha Lumbini Chowk";"4891";"13";"1";"2020-01-17 15:27:30";"0"
"270";"3";"8/1/2-upstream4";"Boudha Samata School";"4894";"8";"1";"2020-01-17 15:27:30";"0"
"272";"8";"5/0/0-upstream2";"Little Muni Chowk";"16867";"7";"1";"2020-01-17 15:27:30";"0"
"273";"8";"5/0/0-upstream4";"Chyan Danda Bhangal";"16869";"14";"1";"2020-01-17 15:27:30";"0"
"274";"8";"5/0/0-upstream0";"Bhadra Basti Chowk";"16865";"7";"1";"2020-01-17 15:27:30";"0"
"275";"8";"5/0/0-upstream1";"Chapali Pilot Dada";"16866";"8";"1";"2020-01-17 15:27:30";"0"
"276";"8";"5/0/0-upstream3";"Om shanti Chowk Bhangal";"16868";"23";"1";"2020-01-17 15:27:30";"0"
"277";"8";"5/0/1-upstream0";"Pasikot Pool";"16889";"47";"1";"2020-01-17 15:27:30";"0"
"278";"8";"5/0/4-upstream0";"Narayanthan Mandir";"16961";"20";"1";"2020-01-17 15:27:30";"0"
"279";"8";"7/0/0-upstream0";"Narayanthan Purano Bato";"18305";"13";"1";"2020-01-17 15:27:30";"0"
"280";"8";"7/0/0-upstream1";"Narayanthan Naya Bato";"18306";"6";"1";"2020-01-17 15:27:30";"0"
"281";"8";"7/0/0-upstream2";"Lakpa Marga";"18307";"22";"1";"2020-01-17 15:27:30";"0"
"282";"8";"7/0/0-upstream3";"Taulung Bhadrakali School";"18308";"11";"1";"2020-01-17 15:27:30";"0"
"283";"8";"7/0/0-upstream4";"Krishnapati Chowk";"18309";"33";"1";"2020-01-17 15:27:30";"0"
"284";"8";"7/0/0-upstream5";"Budhanilikantha Village";"18310";"8";"1";"2020-01-17 15:27:30";"0"
"285";"8";"7/0/0-upstream6";"Ishan Colony";"18311";"20";"1";"2020-01-17 15:27:30";"0"
"286";"8";"7/0/0-upstream7";"Narayanthan V.D.C.";"18312";"19";"1";"2020-01-17 15:27:30";"0"
"287";"8";"7/0/1-upstream0";"Shreeram School Pasikot";"18329";"10";"1";"2020-01-17 15:27:30";"0"
"288";"8";"7/0/1-upstream1";"Badeli ";"18330";"11";"1";"2020-01-17 15:27:30";"0"
"289";"8";"7/0/1-upstream2";"Bhairab Marga";"18331";"10";"1";"2020-01-17 15:27:30";"0"
"290";"8";"7/0/1-upstream3";"Fulbari Chowk";"18332";"25";"1";"2020-01-17 15:27:30";"0"
"291";"8";"7/0/1-upstream4";"Gurung Chowk";"18333";"31";"1";"2020-01-17 15:27:30";"0"
"292";"8";"7/0/1-upstream5";"Wasik ";"18334";"11";"1";"2020-01-17 15:27:30";"0"
"293";"8";"7/0/1-upstream6";"Shiva Mandir";"18335";"19";"1";"2020-01-17 15:27:30";"0"
"294";"8";"7/0/4-upstream0";"Bishnumati Panchakanya";"18401";"15";"1";"2020-01-17 15:27:30";"0"
"295";"8";"7/0/4-upstream1";"Chiseni";"18402";"10";"1";"2020-01-17 15:27:30";"0"
"296";"8";"8/0/0-upstream0";"Neelopool";"19025";"25";"1";"2020-01-17 15:27:30";"0"
"297";"8";"8/0/0-upstream1";"Chapali Pipalbot";"19026";"25";"1";"2020-01-17 15:27:30";"0"
"298";"8";"8/0/0-upstream2";"Mathillo Bhangal";"19027";"27";"1";"2020-01-17 15:27:30";"0"
"299";"8";"8/0/0-upstream3";"Deuba New Node";"19028";"11";"1";"2020-01-17 15:27:30";"0"
"300";"8";"8/0/0-upstream4";"Rudhreshwore Chowk";"19029";"28";"1";"2020-01-17 15:27:30";"0"
"301";"8";"8/0/0-upstream5";"Muhanpokhari";"19030";"10";"1";"2020-01-17 15:27:30";"0"
"302";"8";"8/0/0-upstream6";"Taulung Chautara";"19031";"31";"1";"2020-01-17 15:27:30";"0"
"303";"8";"8/0/0-upstream7";"Chapali Chowk";"19032";"11";"1";"2020-01-17 15:27:30";"0"
"304";"8";"8/0/1-upstream0";"Bishnumati Chowk";"19049";"9";"1";"2020-01-17 15:27:30";"0"
"305";"8";"8/0/1-upstream1";"Tallo Muhanpokhari";"19050";"13";"1";"2020-01-17 15:27:30";"0"
"306";"8";"8/0/1-upstream2";"Narayanthan Chowk";"19051";"14";"1";"2020-01-17 15:27:30";"0"
"307";"8";"8/0/1-upstream3";"Siddhartha Colony Gate";"19052";"34";"1";"2020-01-17 15:27:30";"0"
"308";"8";"8/0/1-upstream4";"Tanagaun Ganesh Mandir";"19053";"11";"1";"2020-01-17 15:27:30";"0"
"309";"8";"8/0/1-upstream5";"New Colony";"19054";"9";"1";"2020-01-17 15:27:30";"0"
"310";"8";"8/0/1-upstream6";"Shreeshanti Hattigauda";"19055";"22";"1";"2020-01-17 15:27:30";"0"
"311";"8";"8/0/1-upstream7";"TIA School Hattigauda";"19056";"9";"1";"2020-01-17 15:27:30";"0"
"312";"8";"8/1/0-upstream0";"Pasikot";"19385";"6";"1";"2020-01-17 15:27:30";"0"
"313";"8";"8/1/0-upstream1";"Golden Chowk";"19386";"0";"1";"2020-01-19 10:30:41";"1"
"314";"8";"8/1/0-upstream2";"Ganesh Chowk";"19387";"27";"1";"2020-01-17 15:27:30";"0"
"315";"8";"8/1/0-upstream3";"Hattigauda";"19388";"37";"1";"2020-01-17 15:27:30";"0"
"316";"8";"8/1/0-upstream4";"Khadka Bhadrakali";"19389";"48";"1";"2020-01-17 15:27:30";"0"
"317";"8";"8/1/0-upstream5";"Ghumti";"19390";"12";"1";"2020-01-17 15:27:30";"0"
"318";"8";"8/1/0-upstream6";"Italitar";"19391";"7";"1";"2020-01-17 15:27:30";"0"
"319";"8";"8/1/0-upstream7";"Happy Colony ";"19392";"8";"1";"2020-01-17 15:27:30";"0"
"320";"8";"8/1/1-upstream0";"Golden Chowk Shanti Marga";"19409";"23";"1";"2020-01-17 15:27:30";"0"
"321";"8";"8/1/1-upstream1";"Hatemalo Golden Chowk";"19410";"0";"1";"2020-01-17 15:27:30";"0"
"322";"8";"8/1/1-upstream2";"Arthar Marga Golden";"19411";"0";"1";"2020-01-17 15:27:30";"0"
"323";"8";"8/1/1-upstream3";"Tallo Pasikot";"19412";"21";"1";"2020-01-17 15:27:30";"0"
"324";"8";"8/1/1-upstream4";"Pasikot Kapur Chowk";"19413";"13";"1";"2020-01-17 15:27:30";"0"
"325";"8";"8/1/1-upstream5";"Pasikot Gorkhali Pool";"19414";"19";"1";"2020-01-17 15:27:30";"0"
"326";"8";"8/1/1-upstream6";"Pasikot Pragati Tole";"19415";"0";"1";"2020-01-17 15:27:30";"0"
"327";"8";"8/1/1-upstream7";"Pasikot First Tower";"19416";"14";"1";"2020-01-17 15:27:30";"0"
"328";"8";"8/1/4-upstream0";"Shivapuri Nikunja";"19481";"11";"1";"2020-01-17 15:27:30";"0"
"329";"8";"8/1/4-upstream1";"Budhanilikantha School";"19482";"9";"1";"2020-01-17 15:27:30";"0"
"330";"8";"8/1/4-upstream2";"Narayanthan Comfort Housing Gate";"19483";"10";"1";"2020-01-17 15:27:30";"0"
"331";"8";"8/1/4-upstream3";"Muhan Pokhari Chhyling Gumba";"19484";"30";"1";"2020-01-17 15:27:30";"0"
"332";"9";"5/0/0-upstream2";"Sushil Medical";"32611";"30";"1";"2020-01-17 15:27:30";"0"
"333";"9";"5/0/0-upstream3";"Kapurdhara";"32612";"30";"1";"2020-01-17 15:27:30";"0"
"334";"9";"5/0/0-upstream4";"Maipi";"32613";"29";"1";"2020-01-17 15:27:30";"0"
"335";"9";"5/0/0-upstream5";"Maipi Manange Gate";"32614";"30";"1";"2020-01-17 15:27:30";"0"
"336";"9";"5/0/0-upstream6";"Nayabazar Lekhnath Marga";"32615";"34";"1";"2020-01-17 15:27:30";"0"
"337";"9";"5/0/0-upstream7";"Nayabazar Gitanjali Chowk";"32616";"16";"1";"2020-01-17 15:27:30";"0"
"338";"9";"5/0/2-upstream2";"Balaju Chowk";"32659";"11";"1";"2020-01-17 15:27:30";"0"
"339";"9";"5/0/2-upstream3";"Tribeni Marg";"32660";"16";"1";"2020-01-17 15:27:30";"0"
"340";"9";"5/0/2-upstream4";"Samakushi Yakupa Tole";"32661";"28";"1";"2020-01-17 15:27:30";"0"
"341";"9";"5/0/2-upstream5";"GCA School";"32662";"27";"1";"2020-01-17 15:27:30";"0"
"342";"9";"5/0/2-upstream6";"Town Planning Ganesh Mandir";"32663";"27";"1";"2020-01-17 15:27:30";"0"
"343";"9";"5/0/2-upstream7";"Town planning  Boring Node";"32664";"18";"1";"2020-01-17 15:27:30";"0"
"344";"9";"5/0/4-upstream2";"Ranidevi School";"32707";"25";"1";"2020-01-17 15:27:30";"0"
"345";"9";"5/0/4-upstream3";"Florescent School";"32708";"17";"1";"2020-01-17 15:27:30";"0"
"346";"9";"6/0/0-upstream0";"Nabasangam Marg";"33329";"14";"1";"2020-01-17 15:27:30";"0"
"347";"9";"6/0/0-upstream1";"New Manange Gate";"33330";"31";"1";"2020-01-17 15:27:30";"0"
"348";"9";"6/0/0-upstream2";"Samakhusi Buddha Tole";"33331";"26";"1";"2020-01-17 15:27:30";"0"
"349";"9";"6/0/0-upstream3";"Kapurdhara Police Bit";"33332";"31";"1";"2020-01-17 15:27:30";"0"
"350";"9";"6/0/0-upstream4";"Pabitranagar Atmagyan";"33333";"21";"1";"2020-01-17 15:27:30";"0"
"351";"9";"6/0/0-upstream5";"Buspark Riddhisiddhi Marbal";"33334";"20";"1";"2020-01-17 15:27:30";"0"
"352";"9";"6/0/0-upstream7";"Buspark Kantipur Mall";"33336";"32";"1";"2020-01-17 15:27:30";"0"
"353";"9";"6/0/2-upstream0";"Golkupakha";"33377";"30";"1";"2020-01-17 15:27:30";"0"
"354";"9";"6/0/2-upstream1";"Kumari Club";"33378";"30";"1";"2020-01-17 15:27:30";"0"
"355";"9";"6/0/2-upstream2";"Bhim Marg";"33379";"22";"1";"2020-01-17 15:27:30";"0"
"356";"9";"6/0/2-upstream4";"Sambad Marg";"33381";"28";"1";"2020-01-17 15:27:30";"0"
"357";"9";"6/0/2-upstream6";"Near All Nepal Hospital Ranibari";"33383";"21";"1";"2020-01-17 15:27:30";"0"
"358";"9";"6/1/0-upstream1";"Kapurdhara Balkumari  Marg";"33690";"28";"1";"2020-01-17 15:27:30";"0"
"360";"9";"6/1/0-upstream3";"Near Redon College samakushi";"33692";"34";"1";"2020-01-17 15:27:30";"0"
"361";"9";"6/1/0-upstream4";"Balaju Ganeshthan";"33693";"27";"1";"2020-01-17 15:27:30";"0"
"362";"9";"6/1/0-upstream5";"Balaju Bhabhateni Super Store";"33694";"10";"1";"2020-01-17 15:27:30";"0"
"363";"9";"6/1/0-upstream6";"Dhading Buspark Balaju";"33695";"15";"1";"2020-01-17 15:27:30";"0"
"364";"9";"6/1/0-upstream7";"Balaju Battery Karkhana";"33696";"22";"1";"2020-01-17 15:27:30";"0"
"365";"9";"6/1/1-upstream0";"Kapurdhara Dakshinkali Mandir ";"33713";"30";"1";"2020-01-17 15:27:30";"0"
"366";"9";"6/1/1-upstream1";"Samakushi Rom Marga";"33714";"16";"1";"2020-01-17 15:27:30";"0"
"367";"9";"6/1/1-upstream2";"Kapurdhara Alka Basti";"33715";"21";"1";"2020-01-17 15:27:30";"0"
"368";"9";"6/1/1-upstream3";"Back of KDC";"33716";"38";"1";"2020-01-17 15:27:30";"0"
"369";"9";"6/1/1-upstream4";"Chaudhary Marga Kanti";"33717";"44";"1";"2020-01-17 15:27:30";"0"
"370";"9";"6/1/1-upstream5";"Sangam Marg Teching";"33718";"23";"1";"2020-01-17 15:27:30";"0"
"371";"9";"6/1/1-upstream6";"Gajendra Basti";"33719";"35";"1";"2020-01-17 15:27:30";"0"
"372";"9";"6/1/1-upstream7";"Back of Teaching";"33720";"12";"1";"2020-01-17 15:27:30";"0"
"373";"9";"7/0/0-upstream0";"Laula Tirtha Marg";"34049";"26";"1";"2020-01-17 15:27:30";"0"
"374";"9";"7/0/0-upstream1";"Jana Marg";"34050";"36";"1";"2020-01-17 15:27:30";"0"
"375";"9";"7/0/0-upstream2";"Maipi Pani Tanki";"34051";"23";"1";"2020-01-17 15:27:30";"0"
"376";"9";"7/0/0-upstream3";"Kuber House";"34052";"16";"1";"2020-01-17 15:27:30";"0"
"377";"9";"7/0/0-upstream4";"Mitranagar NTC Office";"34053";"24";"1";"2020-01-17 15:27:30";"0"
"378";"9";"7/0/0-upstream5";"Birendra Aishwarya Marg";"34054";"23";"1";"2020-01-17 15:27:30";"0"
"379";"9";"7/0/0-upstream6";"Buspark Titanic Hotel";"34055";"6";"1";"2020-01-17 15:27:30";"0"
"380";"9";"7/0/0-upstream7";"Maipi Nabajit";"34056";"14";"1";"2020-01-17 15:27:30";"0"
"381";"9";"7/0/1-upstream0";"Ranibari Chowk";"34073";"32";"1";"2020-01-17 15:27:30";"0"
"382";"9";"7/0/1-upstream1";"TP Swimming Pool";"34074";"33";"1";"2020-01-17 15:27:30";"0"
"383";"9";"7/0/1-upstream2";"Ranidevi Node";"34075";"35";"1";"2020-01-17 15:27:30";"0"
"384";"9";"7/0/1-upstream3";"Police School";"34076";"8";"1";"2020-01-17 15:27:30";"0"
"385";"9";"7/1/0-upstream0";"Kapurdhara Children Park";"34409";"38";"1";"2020-01-17 15:27:30";"0"
"386";"9";"7/1/0-upstream1";"Kapurdhara Sambad Marga";"34410";"22";"1";"2020-01-17 15:27:30";"0"
"387";"9";"7/1/2-upstream2";"Jaldhara Marg";"34459";"27";"1";"2020-01-17 15:27:30";"0"
"388";"9";"7/1/2-upstream3";"Ranibari futsal";"34460";"38";"1";"2020-01-17 15:27:30";"0"
"389";"9";"7/1/3-upstream0";"Mitranagar";"34481";"17";"1";"2020-01-17 15:27:30";"0"
"390";"9";"7/1/3-upstream1";"Pabitranagar";"34482";"31";"1";"2020-01-17 15:27:30";"0"
"391";"9";"7/1/4-upstream0";"Ranibari Talimkendra";"34505";"32";"1";"2020-01-17 15:27:30";"0"
"392";"9";"8/0/0-upstream0";"Basundhara South western college";"34769";"11";"1";"2020-01-17 15:27:30";"0"
"393";"9";"8/0/0-upstream1";"Basundhara Napi Karyalaya";"34770";"23";"1";"2020-01-17 15:27:30";"0"
"394";"9";"8/0/0-upstream2";"Townplanning Telecom";"34771";"36";"1";"2020-01-17 15:27:30";"0"
"395";"9";"8/0/0-upstream3";"Basundhara Pradhikaran";"34772";"21";"1";"2020-01-17 15:27:30";"0"
"396";"9";"8/0/0-upstream4";"Bull Gym Hall";"34773";"14";"1";"2020-01-17 15:27:30";"0"
"397";"9";"8/0/0-upstream5";"Ranibari Sambad Galli";"34774";"33";"1";"2020-01-17 15:27:30";"0"
"398";"9";"8/0/0-upstream6";"Ranibari Shiva Mandir";"34775";"23";"1";"2020-01-17 15:27:30";"0"
"399";"9";"8/0/0-upstream7";"Basundhara Kavre Dud Dairy";"34776";"13";"1";"2020-01-17 15:27:30";"0"
"400";"9";"8/0/1-upstream0";"Maipi Mandir";"34793";"44";"1";"2020-01-17 15:27:30";"0"
"401";"9";"8/0/1-upstream1";"Kumari Tole";"34794";"19";"1";"2020-01-17 15:27:30";"0"
"402";"9";"8/0/1-upstream2";"Manokranti";"34795";"24";"1";"2020-01-17 15:27:30";"0"
"403";"9";"8/0/1-upstream4";"Nayabazar Housing";"34797";"24";"1";"2020-01-17 15:27:30";"0"
"404";"9";"8/0/1-upstream5";"Nayabazar Garden Gate";"34798";"22";"1";"2020-01-17 15:27:30";"0"
"405";"12";"6/0/0-upstream0";"Padma Colony Kushunti";"17585";"7";"1";"2020-01-17 15:27:30";"0"
"408";"12";"6/0/0-upstream3";"Bajhra Sangrilla Office";"17588";"53";"1";"2020-01-17 15:27:30";"0"
"409";"12";"6/0/0-upstream4";"Kusunti Yatayat";"17589";"24";"1";"2020-01-17 15:27:30";"0"
"411";"12";"6/0/0-upstream6";"Sarobar Apartment & Hotel";"17591";"6";"1";"2020-01-17 15:27:30";"0"
"412";"12";"6/0/0-upstream7";"Mal-Pokhari Gate";"17592";"35";"1";"2020-01-17 15:27:30";"0"
"430";"12";"7/0/0-upstream0";"CG Height";"18305";"19";"1";"2020-01-17 15:27:30";"0"
"431";"12";"7/0/0-upstream1";"Dhara Pipal Bot";"18306";"18";"1";"2020-01-17 15:27:30";"0"
"432";"12";"7/0/0-upstream2";"Kupondole Height";"18307";"11";"1";"2020-01-17 15:27:30";"0"
"433";"12";"7/0/0-upstream3";"Purnima Medical";"18308";"9";"1";"2020-01-17 15:27:30";"0"
"434";"12";"7/0/0-upstream4";"Kan Deuta";"18309";"16";"1";"2020-01-17 15:27:30";"0"
"435";"12";"7/0/0-upstream5";"Sanepa Chouki";"18310";"20";"1";"2020-01-17 15:27:30";"0"
"436";"12";"7/0/0-upstream6";"New Colony";"18311";"16";"1";"2020-01-17 15:27:30";"0"
"437";"12";"7/0/0-upstream7";"Ujyaalo FM";"18312";"14";"1";"2020-01-17 15:27:30";"0"
"438";"12";"7/0/1-upstream0";"Arunthapa Chowk";"18329";"1";"1";"2020-01-17 15:27:30";"0"
"439";"12";"7/0/1-upstream1";"Ram Mandir";"18330";"4";"1";"2020-01-17 15:27:30";"0"
"440";"12";"7/0/1-upstream2";"Sunrise Tower Gate";"18331";"5";"1";"2020-01-17 15:27:30";"0"
"442";"12";"7/0/1-upstream4";"Gems Chowk";"18333";"2";"1";"2020-01-17 15:27:30";"0"
"443";"12";"7/0/1-upstream5";"Jhamsikhel Chowk";"18334";"3";"1";"2020-01-17 15:27:30";"0"
"444";"12";"7/0/1-upstream6";"Kumari Mandeer Kupandole";"18335";"0";"1";"2020-01-17 15:27:30";"0"
"445";"12";"7/0/1-upstream7";"Bijaya Nagar ";"18336";"2";"1";"2020-01-17 15:27:30";"0"
"454";"12";"7/0/4-upstream0";"Purna Chandi Mandir";"18401";"6";"1";"2020-01-17 15:27:30";"0"
"456";"12";"7/0/4-upstream2";"Chyashal Gate";"18403";"14";"1";"2020-01-17 15:27:30";"0"
"457";"12";"7/0/4-upstream3";"Dasarath Rangasala Gate";"18404";"1";"1";"2020-01-17 15:27:30";"0"
"458";"12";"7/1/0-upstream0";"Nakhu Dobato";"18665";"0";"1";"2020-01-17 15:27:30";"0"
"459";"12";"7/1/0-upstream1";"City View Residency";"18666";"25";"1";"2020-01-17 15:27:30";"0"
"460";"12";"7/1/0-upstream2";"Pulchowk";"18667";"13";"1";"2020-01-17 15:27:30";"0"
"461";"12";"7/1/0-upstream3";"Sachal Swasthya Chauki";"18668";"11";"1";"2020-01-17 15:27:30";"0"
"462";"12";"7/1/0-upstream4";"Near Suzuki Office ";"18669";"4";"1";"2020-01-17 15:27:30";"0"
"464";"12";"7/1/0-upstream6";"Rajak Tole";"18671";"12";"1";"2020-01-17 15:27:30";"0"
"465";"12";"7/1/0-upstream7";"Near norwegian embassy";"18672";"9";"1";"2020-01-17 15:27:30";"0"
"466";"12";"7/1/1-upstream0";"UN Futsal";"18689";"16";"1";"2020-01-17 15:27:30";"0"
"467";"12";"7/1/1-upstream1";"Pulchowk Ganesh Mandir";"18690";"8";"1";"2020-01-17 15:27:30";"0"
"469";"12";"7/1/1-upstream3";"Near Patan Campus";"18692";"9";"1";"2020-01-17 15:27:30";"0"
"470";"12";"7/1/1-upstream4";"Rupak School";"18693";"14";"1";"2020-01-17 15:27:30";"0"
"471";"12";"7/1/1-upstream5";"Lila Ghar Kupandol";"18694";"21";"1";"2020-01-17 15:27:30";"0"
"472";"12";"7/1/1-upstream6";"Balbinod School Natole";"18695";"9";"1";"2020-01-17 15:27:30";"0"
"473";"12";"7/1/1-upstream7";"Gahabahal Mangalbazar";"18696";"13";"1";"2020-01-17 15:27:30";"0"
"482";"12";"7/1/4-upstream0";"Jwagal Planning";"18761";"7";"1";"2020-01-17 15:27:30";"0"
"485";"12";"7/1/4-upstream3";"Bagdol Dhara";"18764";"17";"1";"2020-01-17 15:27:30";"0"
"486";"12";"8/0/0-upstream0";"UN Park";"19025";"14";"1";"2020-01-17 15:27:30";"0"
"487";"12";"8/0/0-upstream1";"Panchakumari";"19026";"29";"1";"2020-01-17 15:27:30";"0"
"488";"12";"8/0/0-upstream2";"Sunrise Tower";"19027";"58";"1";"2020-01-17 15:27:30";"0"
"489";"12";"8/0/0-upstream3";"Paribodh School";"19028";"23";"1";"2020-01-17 15:27:30";"0"
"490";"12";"8/0/0-upstream4";"Summit Chowk";"19029";"20";"1";"2020-01-17 15:27:30";"0"
"491";"12";"8/0/0-upstream5";"Kusunti Gidhyanagar";"19030";"16";"1";"2020-01-17 15:27:30";"0"
"492";"12";"8/0/0-upstream6";"Bagdol Inar Chowk";"19031";"12";"1";"2020-01-17 15:27:30";"0"
"494";"12";"8/0/1-upstream0";"Himalayan Hotel";"19049";"30";"1";"2020-01-17 15:27:30";"0"
"495";"12";"8/0/1-upstream1";"Bakhundol";"19050";"10";"1";"2020-01-17 15:27:30";"0"
"496";"12";"8/0/1-upstream3";"Kusunti";"19052";"24";"1";"2020-01-17 15:27:30";"0"
"497";"12";"8/0/1-upstream4";"Ekanta Kuna";"19053";"19";"1";"2020-01-17 15:27:30";"0"
"498";"12";"8/0/1-upstream5";"Thapathali";"19054";"9";"1";"2020-01-17 15:27:30";"0"
"499";"12";"8/0/1-upstream6";"Gyanodaya Mode";"19055";"20";"1";"2020-01-17 15:27:30";"0"
"500";"12";"8/0/1-upstream7";"Manakamana Mandir";"19056";"29";"1";"2020-01-17 15:27:30";"0"
"501";"12";"8/0/4-upstream0";"Kathmandu Dairy";"19121";"7";"1";"2020-01-17 15:27:30";"0"
"502";"12";"8/0/4-upstream1";"Kabil Marg Thapathai";"19122";"36";"1";"2020-01-17 15:27:30";"0"
"503";"12";"8/0/4-upstream2";"CDO  Office Manbhawan ";"19123";"10";"1";"2020-01-17 15:27:30";"0"
"504";"12";"8/0/4-upstream3";"Omega College Kumaripati";"19124";"10";"1";"2020-01-17 15:27:30";"0"
"505";"12";"8/1/0-upstream0";"Banglamukhi";"19385";"8";"1";"2020-01-17 15:27:30";"0"
"507";"12";"8/1/0-upstream2";"Patan";"19387";"16";"1";"2020-01-17 15:27:30";"0"
"508";"12";"8/1/0-upstream3";"Jaulakhel";"19388";"7";"1";"2020-01-17 15:27:30";"0"
"509";"12";"8/1/0-upstream4";"Sanepa";"19389";"42";"1";"2020-01-17 15:27:30";"0"
"510";"12";"8/1/0-upstream5";"Gursingal";"19390";"33";"1";"2020-01-17 15:27:30";"0"
"511";"12";"8/1/0-upstream6";"Dhobighat Dhara";"19391";"20";"1";"2020-01-17 15:27:30";"0"
"512";"12";"8/1/0-upstream7";"Gurudwara";"19392";"34";"1";"2020-01-17 15:27:30";"0"
"514";"12";"8/1/1-upstream1";"Bagdol";"19410";"15";"1";"2020-01-17 15:27:30";"0"
"515";"12";"8/1/1-upstream2";"Chakupat";"19411";"9";"1";"2020-01-17 15:27:30";"0"
"516";"12";"8/1/1-upstream3";"Sachal";"19412";"27";"1";"2020-01-17 15:27:30";"0"
"517";"12";"8/1/1-upstream4";"Dhobighat";"19413";"5";"1";"2020-01-17 15:27:30";"0"
"518";"12";"8/1/1-upstream5";"Thapathali Bluebird";"19414";"23";"1";"2020-01-17 15:27:30";"0"
"519";"12";"8/1/1-upstream6";"Mangal Bazar";"19415";"5";"1";"2020-01-17 15:27:30";"0"
"520";"12";"8/1/1-upstream7";"Gyanodaya";"19416";"24";"1";"2020-01-17 15:27:30";"0"
"521";"12";"8/1/4-upstream0";"Bajra Shangrila Dhobighat";"19481";"19";"1";"2020-01-17 15:27:30";"0"
"522";"12";"8/1/4-upstream1";"Prime Colony Dhobighat";"19482";"13";"1";"2020-01-17 15:27:30";"0"
"523";"16";"6/1/0-upstream0";"Real Banquet ";"4362";"2";"1";"2020-01-17 15:27:30";"0"
"525";"16";"6/1/0-upstream2";"Manamati Marga";"4364";"10";"1";"2020-01-17 15:27:30";"0"
"526";"16";"6/1/1-upstream2";"Lumanti";"4388";"11";"1";"2020-01-17 15:27:30";"0"
"527";"16";"6/1/1-upstream3";"Kalanki Kumari Tole ";"4389";"5";"1";"2020-01-17 15:27:30";"0"
"528";"16";"6/1/1-upstream4";"Sunwaegaun Pipalbot";"4390";"12";"1";"2020-01-17 15:27:30";"0"
"529";"16";"6/1/1-upstream5";"Khinna Lata Chowk";"4391";"21";"1";"2020-01-17 15:27:30";"0"
"530";"16";"6/1/1-upstream6";"Metro Hall Kuleshwore";"4392";"28";"1";"2020-01-17 15:27:30";"0"
"531";"16";"8/0/4-upstream3";"Balkhu Height";"4821";"19";"1";"2020-01-17 15:27:30";"0"
"532";"16";"5/0/0-upstream0";"Kalanki";"4002";"58";"1";"2020-01-17 15:27:30";"0"
"533";"16";"5/0/0-upstream1";"Shrestha Colony";"4003";"8";"1";"2020-01-17 15:27:30";"0"
"534";"16";"5/0/0-upstream3";"Puja Marga tahachal";"4005";"9";"1";"2020-01-17 15:27:30";"0"
"535";"16";"5/0/0-upstream7";"Vintuna Colony Tahachal";"4009";"15";"1";"2020-01-17 15:27:30";"0"
"536";"16";"5/0/2-upstream0";"Oriental Colony";"4050";"16";"1";"2020-01-17 15:27:30";"0"
"537";"16";"5/0/2-upstream1";"Kuleshwore";"4051";"18";"1";"2020-01-17 15:27:30";"0"
"538";"16";"5/0/2-upstream2";"Kalimati";"4052";"21";"1";"2020-01-17 15:27:30";"0"
"539";"16";"5/0/2-upstream3";"Balkhu Kumari Club";"4053";"28";"1";"2020-01-17 15:27:30";"0"
"540";"16";"5/0/2-upstream4";"New Soaltee";"4054";"10";"1";"2020-01-17 15:27:30";"0"
"541";"16";"5/0/4-upstream1";"Kuleshwore Kantipur Colony";"4099";"6";"1";"2020-01-17 15:27:30";"0"
"542";"16";"5/0/4-upstream2";"Sunar Gaun Bhim Galli";"4100";"8";"1";"2020-01-17 15:27:30";"0"
"543";"16";"5/0/4-upstream3";"Rupy International School";"4101";"20";"1";"2020-01-17 15:27:30";"0"
"544";"16";"6/1/0-upstream0";"Real Banquet ";"4362";"2";"1";"2020-01-17 15:27:30";"0"
"546";"16";"6/1/0-upstream2";"Manamati Marga";"4364";"10";"1";"2020-01-17 15:27:30";"0"
"547";"16";"6/1/1-upstream0";"Kuleshwore College Chowk";"4386";"29";"1";"2020-01-17 15:27:30";"0"
"548";"16";"7/0/0-upstream0";"Bajra Hotel";"4482";"16";"1";"2020-01-17 15:27:30";"0"
"549";"16";"7/0/0-upstream1";"Dallu Jalganesh Marga";"4483";"15";"1";"2020-01-17 15:27:30";"0"
"550";"16";"7/0/0-upstream2";"Near Jhalnath Khanal House";"4484";"11";"1";"2020-01-17 15:27:30";"0"
"551";"16";"7/0/0-upstream3";"Little Buddha";"4485";"15";"1";"2020-01-17 15:27:30";"0"
"552";"16";"7/0/0-upstream4";"Dallu Gairighar";"4486";"5";"1";"2020-01-17 15:27:30";"0"
"553";"16";"7/0/0-upstream6";"Dallu Near Renmark Supermarket";"4488";"12";"1";"2020-01-17 15:27:30";"0"
"554";"16";"7/0/0-upstream7";"Janasewa Marg";"4489";"6";"1";"2020-01-17 15:27:30";"0"
"555";"16";"7/0/1-upstream0";"Matatirtha Node";"4506";"21";"1";"2020-01-17 15:27:30";"0"
"556";"16";"7/0/1-upstream1";"Machhagate";"4507";"7";"1";"2020-01-17 15:27:30";"0"
"557";"16";"7/0/1-upstream2";"lincoln School";"4508";"9";"1";"2020-01-17 15:27:30";"0"
"558";"16";"7/0/1-upstream3";"Mathuri Sadan";"4509";"6";"1";"2020-01-17 15:27:30";"0"
"559";"16";"7/0/1-upstream4";"Jyoti Academy Sitapila";"4510";"16";"1";"2020-01-17 15:27:30";"0"
"560";"16";"7/0/4-upstream0";"Ganeshman Singh School";"4578";"23";"1";"2020-01-17 15:27:30";"0"
"561";"16";"7/0/4-upstream1";"Sangam Colony Kuleshwore";"4579";"6";"1";"2020-01-17 15:27:30";"0"
"563";"16";"7/0/4-upstream3";"Kuleshwore Madannagar";"4581";"12";"1";"2020-01-17 15:27:30";"0"
"564";"16";"8/0/0-upstream0";"Dallu Awash Chhetra";"4722";"12";"1";"2020-01-17 15:27:30";"0"
"565";"16";"8/0/0-upstream1";"Dallu Chhetra";"4723";"11";"1";"2020-01-17 15:27:30";"0"
"566";"16";"8/0/0-upstream2";"Ramkot";"4724";"20";"1";"2020-01-17 15:27:30";"0"
"567";"16";"8/0/0-upstream3";"Padma Colony";"4725";"37";"1";"2020-01-17 15:27:30";"0"
"568";"16";"8/0/0-upstream4";"Tahachal";"4726";"21";"1";"2020-01-17 15:27:30";"0"
"569";"16";"8/0/0-upstream5";"Sitahome";"4727";"14";"1";"2020-01-17 15:27:30";"0"
"571";"16";"8/0/1-upstream1";"Tahachal bagaicha";"4747";"8";"1";"2020-01-17 15:27:30";"0"
"572";"16";"8/0/1-upstream2";"Soaltee Back";"4748";"30";"1";"2020-01-17 15:27:30";"0"
"573";"16";"8/0/1-upstream3";"Shristi Colony";"4749";"12";"1";"2020-01-17 15:27:30";"0"
"574";"16";"8/0/1-upstream4";"Sitapaila";"4750";"22";"1";"2020-01-17 15:27:30";"0"
"575";"16";"8/0/1-upstream6";"Chhauni Housing";"4752";"5";"1";"2020-01-17 15:27:30";"0"
"576";"16";"8/0/1-upstream7";"Teku";"4753";"14";"1";"2020-01-17 15:27:30";"0"
"577";"16";"8/0/4-upstream0";"Shantoshi Mata Mandir";"4818";"10";"1";"2020-01-17 15:27:30";"0"
"578";"16";"8/0/4-upstream1";"Sunuwar Gaun";"4819";"38";"1";"2020-01-17 15:27:30";"0"
"579";"16";"8/1/0-upstream0";"Gyanodaya School";"4842";"38";"1";"2020-01-17 15:27:30";"0"
"580";"16";"8/1/0-upstream1";"Bafal";"4843";"30";"1";"2020-01-17 15:27:30";"0"
"581";"16";"8/1/0-upstream2";"Panchayan chowk";"4844";"26";"1";"2020-01-17 15:27:30";"0"
"582";"16";"8/1/1-upstream0";"Chhaku Dobato";"4866";"20";"1";"2020-01-17 15:27:30";"0"
